author,authorLabel,genderLabel,orcid
https://database.factgrid.de/entity/Q398396,Daniel Kurzawe,Männliches Geschlecht,0000-0001-5027-7313
https://database.factgrid.de/entity/Q396660,Christiane Fritze,Weibliches Geschlecht,0000-0001-5099-8970
https://database.factgrid.de/entity/Q989449,Sarah Pittroff,Weibliches Geschlecht,0000-0001-5134-1081
https://database.factgrid.de/entity/Q396726,Marco Klindt,Männliches Geschlecht,0000-0001-5198-2225
https://database.factgrid.de/entity/Q989315,Claudia Berger,Weibliches Geschlecht,0000-0001-5203-0971
https://database.factgrid.de/entity/Q396602,Melanie Althage,Weibliches Geschlecht,0000-0001-5233-1061
https://database.factgrid.de/entity/Q396697,Clemens Neudecker,Männliches Geschlecht,0000-0001-5293-8322
https://database.factgrid.de/entity/Q989316,Manuela Mayer,Weibliches Geschlecht,0000-0001-5311-2864
https://database.factgrid.de/entity/Q396795,Birte Gnau-Franké,Weibliches Geschlecht,0000-0001-5363-5235
https://database.factgrid.de/entity/Q1380436,Ralf Schenkel,Männliches Geschlecht,0000-0001-5379-5191
https://database.factgrid.de/entity/Q989317,Yasir Yilmaz,Männliches Geschlecht,0000-0001-5387-3532
https://database.factgrid.de/entity/Q245658,Clemens Beck,Männliches Geschlecht,0000-0001-5396-1612
https://database.factgrid.de/entity/Q1380453,Lena Steinmann,Weibliches Geschlecht,0000-0001-5443-0581
https://database.factgrid.de/entity/Q396806,Marinella Testori,Weibliches Geschlecht,0000-0001-5466-3262
https://database.factgrid.de/entity/Q989318,Kathrin Fischeidl,Weibliches Geschlecht,0000-0001-5508-7826
https://database.factgrid.de/entity/Q396647,Julia Dudar,Weibliches Geschlecht,0000-0001-5545-9562
https://database.factgrid.de/entity/Q989319,Michel Schwab,Männliches Geschlecht,0000-0001-5569-6568
https://database.factgrid.de/entity/Q396630,Anna Busch,Weibliches Geschlecht,0000-0001-5584-4807
https://database.factgrid.de/entity/Q396771,Martha Stellmacher,Weibliches Geschlecht,0000-0001-5655-0130
https://database.factgrid.de/entity/Q989320,Pattrick Piel,Männliches Geschlecht,0000-0001-5809-2815
https://database.factgrid.de/entity/Q396720,Leonard Konle,Männliches Geschlecht,0000-0001-5833-0414
https://database.factgrid.de/entity/Q396590,Tillmann Dönicke,Männliches Geschlecht,0000-0001-5844-9167
https://database.factgrid.de/entity/Q398427,Luise Borek,Weibliches Geschlecht,0000-0001-5849-374X
https://database.factgrid.de/entity/Q147735,Robert Gramsch-Stehfest,Männliches Geschlecht,0000-0001-5939-5981
https://database.factgrid.de/entity/Q396732,Florian Langhanki,Männliches Geschlecht,0000-0001-6043-0350
https://database.factgrid.de/entity/Q396698,Paul Pestov,Männliches Geschlecht,0000-0001-6093-572X
https://database.factgrid.de/entity/Q396662,Anastasia Glawion,Weibliches Geschlecht,0000-0001-6140-1826
https://database.factgrid.de/entity/Q1380278,Antonia Thies,Weibliches Geschlecht,0000-0001-6153-7109
https://database.factgrid.de/entity/Q1380352,Jens Freund,Männliches Geschlecht,0000-0001-6232-7568
https://database.factgrid.de/entity/Q396649,Lars Wieneke,Männliches Geschlecht,0000-0001-6248-8644
https://database.factgrid.de/entity/Q396770,Daniel Röwenstrunk,Männliches Geschlecht,0000-0001-6271-2095
https://database.factgrid.de/entity/Q396681,Danah Tonne,Weibliches Geschlecht,0000-0001-6296-7282
https://database.factgrid.de/entity/Q396613,Mark-Jan Bludau,Männliches Geschlecht,0000-0001-6300-8833
https://database.factgrid.de/entity/Q397580,Gabriel Viehhauser,Männliches Geschlecht,0000-0001-6372-0337
https://database.factgrid.de/entity/Q989321,Fynn Petersen-Frey,Männliches Geschlecht,0000-0001-6450-8100
https://database.factgrid.de/entity/Q398550,Claudia Bamberg,Weibliches Geschlecht,0000-0001-6453-8457
https://database.factgrid.de/entity/Q396717,Lou Klappenbach,Weibliches Geschlecht,0000-0001-6587-3353
https://database.factgrid.de/entity/Q397966,Peter Mühleder,Männliches Geschlecht,0000-0001-6593-5673
https://database.factgrid.de/entity/Q989322,Tianyi Kou-Herrema,Weibliches Geschlecht,0000-0001-6630-366X
https://database.factgrid.de/entity/Q1380344,Anton Ehrmanntraut,Männliches Geschlecht,0000-0001-6677-586X
https://database.factgrid.de/entity/Q989323,Kilian Hensen,Männliches Geschlecht,0000-0001-6708-1237
https://database.factgrid.de/entity/Q396465,Claus-Michael Schlesinger,Männliches Geschlecht,0000-0001-6718-5773
https://database.factgrid.de/entity/Q1380137,Ronald Haentjens Dekker,Männliches Geschlecht,0000-0001-6737-7986
https://database.factgrid.de/entity/Q398131,Anke Bosse,Weibliches Geschlecht,0000-0001-6760-451X
https://database.factgrid.de/entity/Q1380515,Andrea Gruber,Weibliches Geschlecht,0000-0001-6806-6100
https://database.factgrid.de/entity/Q396673,Angelika Zirker,Weibliches Geschlecht,0000-0001-6819-3871
https://database.factgrid.de/entity/Q397860,Wiebke Helm,Weibliches Geschlecht,0000-0001-6856-9154
https://database.factgrid.de/entity/Q396679,Philipp Hegel,Männliches Geschlecht,0000-0001-6867-1511
https://database.factgrid.de/entity/Q396711,Lukas Weimer,Männliches Geschlecht,0000-0001-6919-3646
https://database.factgrid.de/entity/Q398594,Tara Lee Andrews,Weibliches Geschlecht,0000-0001-6930-3470
https://database.factgrid.de/entity/Q397632,Nora Probst,Weibliches Geschlecht,0000-0001-6932-0879
https://database.factgrid.de/entity/Q396644,Sabine de Günther,Weibliches Geschlecht,0000-0001-6936-9381
https://database.factgrid.de/entity/Q1380439,Sebastian David Schiller-Stoff,Männliches Geschlecht,0000-0001-6941-113X
https://database.factgrid.de/entity/Q1380257,Sebastian Schiller-Stoff,Männliches Geschlecht,0000-0001-6941-113X
https://database.factgrid.de/entity/Q396721,Fotis Jannidis,Männliches Geschlecht,0000-0001-6944-6113
https://database.factgrid.de/entity/Q396773,Torsten Roeder,Männliches Geschlecht,0000-0001-7043-7820
https://database.factgrid.de/entity/Q499288,Harald Sack,Männliches Geschlecht,0000-0001-7069-9804
https://database.factgrid.de/entity/Q1380456,Domenic Städtler,Männliches Geschlecht,0000-0001-7118-3295
https://database.factgrid.de/entity/Q396601,Miriam Akkermann,Weibliches Geschlecht,0000-0001-7154-7917
https://database.factgrid.de/entity/Q397965,Timo Schmidt,Männliches Geschlecht,0000-0001-7171-8106
https://database.factgrid.de/entity/Q147709,Bärbel Kröger,Weibliches Geschlecht,0000-0001-7179-6438
https://database.factgrid.de/entity/Q396699,Maria Hinzmann,Weibliches Geschlecht,0000-0001-7199-1436
https://database.factgrid.de/entity/Q1380226,Christopher Nunn,Männliches Geschlecht,0000-0001-7208-8636
https://database.factgrid.de/entity/Q396552,Janina Jacke,Männliches Geschlecht,0000-0001-7217-3136
https://database.factgrid.de/entity/Q396654,Klaus Illmayer,Männliches Geschlecht,0000-0001-7253-996X
https://database.factgrid.de/entity/Q1380124,Maximilian Benz,Männliches Geschlecht,0000-0001-7262-7679
https://database.factgrid.de/entity/Q396391,Christian Wolff,Männliches Geschlecht,0000-0001-7278-8595
https://database.factgrid.de/entity/Q989548,Aline Deicke,Weibliches Geschlecht,0000-0001-7347-7625
https://database.factgrid.de/entity/Q396700,Katharina Dietz,Weibliches Geschlecht,0000-0001-7405-3656
https://database.factgrid.de/entity/Q396441,Marten Düring,Männliches Geschlecht,0000-0001-7411-771X
https://database.factgrid.de/entity/Q989324,Volodymyr Kushnarenko,Männliches Geschlecht,0000-0001-7427-2410
https://database.factgrid.de/entity/Q1380212,Jana-Katharina Mende,Weibliches Geschlecht,0000-0001-7433-4351
https://database.factgrid.de/entity/Q989325,Julian Häußler,Männliches Geschlecht,0000-0001-7490-8570
https://database.factgrid.de/entity/Q989326,Richard Diebel,Männliches Geschlecht,0000-0001-7525-7175
https://database.factgrid.de/entity/Q396691,André Blessing,Männliches Geschlecht,0000-0001-7573-578X
https://database.factgrid.de/entity/Q883206,Robert Stephan,Männliches Geschlecht,0000-0001-7605-7415
https://database.factgrid.de/entity/Q396661,Annette Gerstenberg,Weibliches Geschlecht,0000-0001-7647-6986
https://database.factgrid.de/entity/Q989526,Angila Vetter,Weibliches Geschlecht,0000-0001-7662-191X
https://database.factgrid.de/entity/Q1380281,Serena Tolino,Weibliches Geschlecht,0000-0001-7740-5805
https://database.factgrid.de/entity/Q397466,Günther Görz,Männliches Geschlecht,0000-0001-7769-3050
https://database.factgrid.de/entity/Q396646,Keli Du,Männliches Geschlecht,0000-0001-7800-0682
https://database.factgrid.de/entity/Q396676,Michael Krewet,Männliches Geschlecht,0000-0001-7807-6089
https://database.factgrid.de/entity/Q1380113,Raven Adam,Männliches Geschlecht,0000-0001-7841-2601
https://database.factgrid.de/entity/Q396456,Henning Gebhard,Männliches Geschlecht,0000-0001-7853-1950
https://database.factgrid.de/entity/Q396463,Corinna Dziudzia,Weibliches Geschlecht,0000-0001-7965-619X
https://database.factgrid.de/entity/Q1380225,Joshua Neumann,Männliches Geschlecht,0000-0001-7970-5553
https://database.factgrid.de/entity/Q396746,Elisabeth Mollenhauer,Weibliches Geschlecht,0000-0001-8034-7191
https://database.factgrid.de/entity/Q396707,Jan Horstmann,Männliches Geschlecht,0000-0001-8047-2232
https://database.factgrid.de/entity/Q1006511,Robert Badura,Männliches Geschlecht,0000-0001-8048-6271
https://database.factgrid.de/entity/Q396793,Nadine Dietz,Weibliches Geschlecht,0000-0001-8060-5947
https://database.factgrid.de/entity/Q397654,Claudia Resch,Weibliches Geschlecht,0000-0001-8066-7363
https://database.factgrid.de/entity/Q458521,Claudine Moulin,Weibliches Geschlecht,0000-0001-8091-3456
https://database.factgrid.de/entity/Q989386,Florian Atzenhofer-Baumgartner,Männliches Geschlecht,0000-0001-8157-8629
https://database.factgrid.de/entity/Q76282,Thorsten Wübbena,Männliches Geschlecht,0000-0001-8172-6097
https://database.factgrid.de/entity/Q396801,Anna Reimann,Weibliches Geschlecht,0000-0001-8225-7851
https://database.factgrid.de/entity/Q396645,Fabian Cremer,Männliches Geschlecht,0000-0001-8251-9727
https://database.factgrid.de/entity/Q989327,Katrin Henzel,Weibliches Geschlecht,0000-0001-8260-223X
https://database.factgrid.de/entity/Q396767,Reinhard Altenhöner,Männliches Geschlecht,0000-0001-8274-780X
https://database.factgrid.de/entity/Q397866,Sebastian Schmideler,Männliches Geschlecht,0000-0001-8276-0043
https://database.factgrid.de/entity/Q396748,Frederike Neuber,Weibliches Geschlecht,0000-0001-8279-9298
https://database.factgrid.de/entity/Q396638,Ingo Börner,Männliches Geschlecht,0000-0001-8294-2541
https://database.factgrid.de/entity/Q397674,Silke Schwandt,Weibliches Geschlecht,0000-0001-8303-4668
https://database.factgrid.de/entity/Q398766,Kai-Christian Bruhn,Männliches Geschlecht,0000-0001-8322-1260
https://database.factgrid.de/entity/Q1380275,Linnaea Charlotte Söhn,Weibliches Geschlecht,0000-0001-8341-1187
https://database.factgrid.de/entity/Q396628,Christopher Pietsch,Männliches Geschlecht,0000-0001-8371-4161
https://database.factgrid.de/entity/Q396634,Johanna Barzen,Weibliches Geschlecht,0000-0001-8397-7973
https://database.factgrid.de/entity/Q396739,Eva Mayr,Weibliches Geschlecht,0000-0001-8402-5990
https://database.factgrid.de/entity/Q398026,Julian Jarosch,Männliches Geschlecht,0000-0001-8483-8123
https://database.factgrid.de/entity/Q396705,Stefan Alschner,Männliches Geschlecht,0000-0001-8509-8171
https://database.factgrid.de/entity/Q397526,Kristina Richts-Matthaei,Weibliches Geschlecht,0000-0001-8569-1995
https://database.factgrid.de/entity/Q1380140,Sophie Eckenstaler,Weibliches Geschlecht,0000-0001-8633-0120
https://database.factgrid.de/entity/Q1380375,Stefan Höltgen,Männliches Geschlecht,0000-0001-8669-8507
https://database.factgrid.de/entity/Q396740,Johannes Liem,Männliches Geschlecht,0000-0001-8696-0245
https://database.factgrid.de/entity/Q396672,Silvia Eunice Gutiérrez De la Torre,Weibliches Geschlecht,0000-0001-8717-2291
https://database.factgrid.de/entity/Q396763,Marcus Pöckelmann,Männliches Geschlecht,0000-0001-8718-1198
https://database.factgrid.de/entity/Q397436,Nora Ketschik,Weibliches Geschlecht,0000-0001-8758-5432
https://database.factgrid.de/entity/Q349959,Jörg Hörnschemeyer,Männliches Geschlecht,0000-0001-8788-5718
https://database.factgrid.de/entity/Q397714,Tessa Gengnagel,Weibliches Geschlecht,0000-0001-8820-5112
https://database.factgrid.de/entity/Q949735,Constanze Buyken,Weibliches Geschlecht,0000-0001-8826-952X
https://database.factgrid.de/entity/Q396621,Evelyn Gius,Weibliches Geschlecht,0000-0001-8888-8419
https://database.factgrid.de/entity/Q396738,Dennis Mischke,Männliches Geschlecht,0000-0001-8892-5419
https://database.factgrid.de/entity/Q1380394,Ilias Kyriazis,Männliches Geschlecht,0000-0001-8958-0168
https://database.factgrid.de/entity/Q1380271,Petra Steiner,Weibliches Geschlecht,0000-0001-8997-2620
https://database.factgrid.de/entity/Q398524,Marc Kupietz,Männliches Geschlecht,0000-0001-8997-8256
https://database.factgrid.de/entity/Q396556,Zoe Schubert,Weibliches Geschlecht,0000-0001-9043-3632
https://database.factgrid.de/entity/Q396618,Heiner Fangerau,Männliches Geschlecht,0000-0001-9065-3395
https://database.factgrid.de/entity/Q396780,Jasper Stratil,Männliches Geschlecht,0000-0001-9091-8410
https://database.factgrid.de/entity/Q390625,Clemens Beckstein,Männliches Geschlecht,0000-0001-9099-7569
https://database.factgrid.de/entity/Q396558,Elisabeth Steiner,Weibliches Geschlecht,0000-0001-9116-0402
https://database.factgrid.de/entity/Q396650,Frederik Elwert,Männliches Geschlecht,0000-0001-9149-9377
https://database.factgrid.de/entity/Q11298,Olaf Simons,Männliches Geschlecht,0000-0001-9230-4666
https://database.factgrid.de/entity/Q398108,Martin Fechner,Männliches Geschlecht,0000-0001-9233-0653
https://database.factgrid.de/entity/Q396808,Paul Spence,Männliches Geschlecht,0000-0001-9236-2727
https://database.factgrid.de/entity/Q397500,Lino Wehrheim,Männliches Geschlecht,0000-0001-9269-8116
https://database.factgrid.de/entity/Q396747,David Maus,Männliches Geschlecht,0000-0001-9292-5673
https://database.factgrid.de/entity/Q1380169,Myrjam Hostettler,Weibliches Geschlecht,0000-0001-9316-6330
https://database.factgrid.de/entity/Q397428,Sander Münster,Männliches Geschlecht,0000-0001-9344-912X
https://database.factgrid.de/entity/Q1380340,George Dogaru,Männliches Geschlecht,0000-0001-9500-9638
https://database.factgrid.de/entity/Q1380290,Aengus Ward,Männliches Geschlecht,0000-0001-9526-0718
https://database.factgrid.de/entity/Q989329,Meike Hopp,Weibliches Geschlecht,0000-0001-9590-304X
https://database.factgrid.de/entity/Q397648,Henrike Fricke-Steyer,Weibliches Geschlecht,0000-0001-9677-3566
https://database.factgrid.de/entity/Q396796,Stefan Schmunk,Männliches Geschlecht,0000-0001-9706-9757
https://database.factgrid.de/entity/Q396787,Sabine Seifert,Weibliches Geschlecht,0000-0001-9847-8245
https://database.factgrid.de/entity/Q397912,Piotr Kuroczyński,Männliches Geschlecht,0000-0001-9847-8368
https://database.factgrid.de/entity/Q1380337,Adrian Demleitner,Männliches Geschlecht,0000-0001-9918-7300
https://database.factgrid.de/entity/Q1380154,Eva-Maria Gerstner,Weibliches Geschlecht,0000-0001-9920-4238
https://database.factgrid.de/entity/Q989330,Stefan Schellhammer,Männliches Geschlecht,0000-0001-9954-7695
https://database.factgrid.de/entity/Q949081,Etienne Posthumus,Männliches Geschlecht,0000-0002-0006-7542
https://database.factgrid.de/entity/Q248829,Joëlle Weis,Weibliches Geschlecht,0000-0002-0080-4362
https://database.factgrid.de/entity/Q396541,Erik Radisch,Männliches Geschlecht,0000-0002-0089-9082
https://database.factgrid.de/entity/Q398120,Juan Garcés,Männliches Geschlecht,0000-0002-0098-0219
https://database.factgrid.de/entity/Q396788,Dario Kampkaspar,Männliches Geschlecht,0000-0002-0118-0811
https://database.factgrid.de/entity/Q396743,Simon Meier-Vieracker,Männliches Geschlecht,0000-0002-0141-9327
https://database.factgrid.de/entity/Q1380416,Paul M. Näger,Männliches Geschlecht,0000-0002-0251-2531
https://database.factgrid.de/entity/Q398143,Andreas Witt,Männliches Geschlecht,0000-0002-0299-5713
https://database.factgrid.de/entity/Q989547,Britta Petersen,Weibliches Geschlecht,0000-0002-0355-2594
https://database.factgrid.de/entity/Q396610,Frederik Arnold,Männliches Geschlecht,0000-0002-0417-4054
https://database.factgrid.de/entity/Q1380176,Jan Kamlah,Männliches Geschlecht,0000-0002-0417-7562
https://database.factgrid.de/entity/Q398257,Claudia Sojer,Weibliches Geschlecht,0000-0002-0450-6493
https://database.factgrid.de/entity/Q989331,Jonathan D. Geiger,Männliches Geschlecht,0000-0002-0452-7075
https://database.factgrid.de/entity/Q396792,Stefan Büdenbender,Männliches Geschlecht,0000-0002-0478-0396
https://database.factgrid.de/entity/Q398328,Robert Klugseder,Männliches Geschlecht,0000-0002-0484-832X
https://database.factgrid.de/entity/Q989408,Julia Tolksdorf,Weibliches Geschlecht,0000-0002-0495-5897
https://database.factgrid.de/entity/Q398251,Jochen Strobel,Männliches Geschlecht,0000-0002-0511-4440
https://database.factgrid.de/entity/Q1380364,Doris Gruber,Weibliches Geschlecht,0000-0002-0512-100X
https://database.factgrid.de/entity/Q1380293,Stefan Weil,Männliches Geschlecht,0000-0002-0524-9898
https://database.factgrid.de/entity/Q989332,Julia Glas,Weibliches Geschlecht,0000-0002-0532-2653
https://database.factgrid.de/entity/Q396616,Sandra Balck,Weibliches Geschlecht,0000-0002-0573-3911
https://database.factgrid.de/entity/Q1350097,Sandra König,Weibliches Geschlecht,0000-0002-0615-0523
https://database.factgrid.de/entity/Q398196,Anna Neovesky,Weibliches Geschlecht,0000-0002-0627-8199
https://database.factgrid.de/entity/Q1380287,Libuše Hannah Vepřek,Weibliches Geschlecht,0000-0002-0672-6633
https://database.factgrid.de/entity/Q396772,Nanette Rißler-Pipka,Weibliches Geschlecht,0000-0002-0719-9003
https://database.factgrid.de/entity/Q396735,Jochen Laubrock,Männliches Geschlecht,0000-0002-0798-8977
https://database.factgrid.de/entity/Q396776,Sanja Saric,Weibliches Geschlecht,0000-0002-0802-6999
https://database.factgrid.de/entity/Q396760,Martin Roth,Männliches Geschlecht,0000-0002-0838-1034
https://database.factgrid.de/entity/Q398027,Torsten Schrade,Männliches Geschlecht,0000-0002-0953-2818
https://database.factgrid.de/entity/Q397406,Jacqueline Klusik-Eckert,Weibliches Geschlecht,0000-0002-0969-2520
https://database.factgrid.de/entity/Q396499,Simone Winko,Weibliches Geschlecht,0000-0002-1006-7925
https://database.factgrid.de/entity/Q397498,Sarah Oberbichler,Weibliches Geschlecht,0000-0002-1031-2759
https://database.factgrid.de/entity/Q398659,Frank Wiegand,Männliches Geschlecht,0000-0002-1096-3957
https://database.factgrid.de/entity/Q397923,Mathias Göbel,Männliches Geschlecht,0000-0002-1102-5284
https://database.factgrid.de/entity/Q169314,José Calvo Tello,Männliches Geschlecht,0000-0002-1129-5604
https://database.factgrid.de/entity/Q396609,Eckhart Arnold,Männliches Geschlecht,0000-0002-1138-499X
https://database.factgrid.de/entity/Q1380183,Jörn Kleinert,Männliches Geschlecht,0000-0002-1167-9245
https://database.factgrid.de/entity/Q1380238,Michael Pölzl,Männliches Geschlecht,0000-0002-1291-9220
https://database.factgrid.de/entity/Q989387,Florian Lamminger,Männliches Geschlecht,0000-0002-1310-6352
https://database.factgrid.de/entity/Q397780,Sarah Wagner,Weibliches Geschlecht,0000-0002-1352-129X
https://database.factgrid.de/entity/Q397792,Barbara Heinisch,Weibliches Geschlecht,0000-0002-1362-4088
https://database.factgrid.de/entity/Q396524,Sina Zarriess,Weibliches Geschlecht,0000-0002-1384-1218
https://database.factgrid.de/entity/Q396666,Tobias Gradl,Männliches Geschlecht,0000-0002-1392-2464
https://database.factgrid.de/entity/Q396632,Peer Trilcke,Männliches Geschlecht,0000-0002-1421-4320
https://database.factgrid.de/entity/Q397474,Jonathan Blumtritt,Männliches Geschlecht,0000-0002-1438-379X
https://database.factgrid.de/entity/Q1380401,Ursula Loosli,Weibliches Geschlecht,0000-0002-1480-315X
https://database.factgrid.de/entity/Q396797,Thomas Stäcker,Männliches Geschlecht,0000-0002-1509-6960
https://database.factgrid.de/entity/Q396701,Anne Klee,Weibliches Geschlecht,0000-0002-1532-2649
https://database.factgrid.de/entity/Q396507,Axelle Lecroq,Weibliches Geschlecht,0000-0002-1562-9966
https://database.factgrid.de/entity/Q1034413,Jörg Röpke,Männliches Geschlecht,0000-0002-1575-6105
https://database.factgrid.de/entity/Q396615,Hannes Schnaitter,Männliches Geschlecht,0000-0002-1602-6032
https://database.factgrid.de/entity/Q750599,Karoline Lemke,Weibliches Geschlecht,0000-0002-1604-672X
https://database.factgrid.de/entity/Q533641,Anna-Lena Körfer,Weibliches Geschlecht,0000-0002-1644-5042
https://database.factgrid.de/entity/Q499855,Tabea Tietz,Weibliches Geschlecht,0000-0002-1648-1684
https://database.factgrid.de/entity/Q989334,Johanna Eigner,Weibliches Geschlecht,0000-0002-1672-9555
https://database.factgrid.de/entity/Q396680,Sibylle Söring,Weibliches Geschlecht,0000-0002-1698-3289
https://database.factgrid.de/entity/Q396414,Marie Flüh,Weibliches Geschlecht,0000-0002-1707-284X
https://database.factgrid.de/entity/Q396670,Lisa Dieckmann,Weibliches Geschlecht,0000-0002-1708-7371
https://database.factgrid.de/entity/Q396804,Georg Vogeler,Männliches Geschlecht,0000-0002-1726-1712
https://database.factgrid.de/entity/Q398690,Katharina Pektor,Weibliches Geschlecht,0000-0002-1726-3187
https://database.factgrid.de/entity/Q877941,Susanne Al-Eryānī,Weibliches Geschlecht,0000-0002-1741-1645
https://database.factgrid.de/entity/Q397748,Simon Donig,Männliches Geschlecht,0000-0002-1741-466X
https://database.factgrid.de/entity/Q396614,Thorsten Halling,Männliches Geschlecht,0000-0002-1743-1611
https://database.factgrid.de/entity/Q398403,Christian Thomas,Männliches Geschlecht,0000-0002-1761-0222
https://database.factgrid.de/entity/Q396752,Malte Dreyer,Männliches Geschlecht,0000-0002-1775-8622
https://database.factgrid.de/entity/Q396491,Christian Reul,Männliches Geschlecht,0000-0002-1776-1469
https://database.factgrid.de/entity/Q398865,Christian Riepl,Männliches Geschlecht,0000-0002-1776-1469
https://database.factgrid.de/entity/Q989335,Philipp Tögel,Männliches Geschlecht,0000-0002-1791-0268
https://database.factgrid.de/entity/Q396550,Alejandro Fábregas Tejeda,Männliches Geschlecht,0000-0002-1797-5467
https://database.factgrid.de/entity/Q989336,Daniil Skorinkin,Männliches Geschlecht,0000-0002-1845-9974
https://database.factgrid.de/entity/Q396703,Julia Röttgermann,Weibliches Geschlecht,0000-0002-1918-8117
https://database.factgrid.de/entity/Q396741,Anja Grebe,Weibliches Geschlecht,0000-0002-1926-3623
https://database.factgrid.de/entity/Q989337,Sarah-Mai Dang,Weibliches Geschlecht,0000-0002-1960-247X
https://database.factgrid.de/entity/Q989338,Elena Suárez Cronauer,Weibliches Geschlecht,0000-0002-2008-4139
https://database.factgrid.de/entity/Q396702,Katharina Erler-Fridgen,Weibliches Geschlecht,0000-0002-2061-2974
https://database.factgrid.de/entity/Q397410,Tobias Hodel,Männliches Geschlecht,0000-0002-2071-6407
https://database.factgrid.de/entity/Q396677,Felix Ernst,Männliches Geschlecht,0000-0002-2102-4170
https://database.factgrid.de/entity/Q989339,Pascal Hein,Männliches Geschlecht,0000-0002-2138-3069
https://database.factgrid.de/entity/Q396758,Magnus Pfeffer,Männliches Geschlecht,0000-0002-2141-6721
https://database.factgrid.de/entity/Q398024,Franz Fischer,Männliches Geschlecht,0000-0002-2162-5531
https://database.factgrid.de/entity/Q1380157,Cecilia Graiff,Weibliches Geschlecht,0000-0002-2226-7174
https://database.factgrid.de/entity/Q396728,Nadine Arndt,Weibliches Geschlecht,0000-0002-2257-7236
https://database.factgrid.de/entity/Q989340,Verena Lyding,Weibliches Geschlecht,0000-0002-2301-6860
https://database.factgrid.de/entity/Q396712,Daniel Jettka,Männliches Geschlecht,0000-0002-2375-2227
https://database.factgrid.de/entity/Q396803,Marco Stallmann,Männliches Geschlecht,0000-0002-2402-3173
https://database.factgrid.de/entity/Q397744,Gertraud Koch,Weibliches Geschlecht,0000-0002-2457-3335
https://database.factgrid.de/entity/Q1380129,Marie-Christine Boucher,Weibliches Geschlecht,0000-0002-2475-3184
https://database.factgrid.de/entity/Q396687,Peter Stadler,Männliches Geschlecht,0000-0002-2544-1481
https://database.factgrid.de/entity/Q396454,Lina Franken,Weibliches Geschlecht,0000-0002-2587-4068
https://database.factgrid.de/entity/Q989341,Lucia Sohmen,Weibliches Geschlecht,0000-0002-2593-8754
https://database.factgrid.de/entity/Q397414,Patrick Dinger,Männliches Geschlecht,0000-0002-2649-4737
https://database.factgrid.de/entity/Q397534,Annelen Brunner,Weibliches Geschlecht,0000-0002-2704-1190
https://database.factgrid.de/entity/Q396761,Anne Purschwitz,Weibliches Geschlecht,0000-0002-2754-8792
https://database.factgrid.de/entity/Q1380194,Susanne Kurz,Weibliches Geschlecht,0000-0002-2824-1485
https://database.factgrid.de/entity/Q1380423,Roland Reichen,Männliches Geschlecht,0000-0002-2969-9009
https://database.factgrid.de/entity/Q398523,Nils Diewald,Männliches Geschlecht,0000-0002-2993-9180
https://database.factgrid.de/entity/Q397588,Peter Leinen,Männliches Geschlecht,0000-0002-3014-000X
https://database.factgrid.de/entity/Q398539,Andreas Niekler,Männliches Geschlecht,0000-0002-3036-3318
https://database.factgrid.de/entity/Q396689,Giulia Grisot,Weibliches Geschlecht,0000-0002-3038-6202
https://database.factgrid.de/entity/Q396736,Katharina Leyrer,Weibliches Geschlecht,0000-0002-3051-0621
https://database.factgrid.de/entity/Q396775,Ina Blümel,Weibliches Geschlecht,0000-0002-3075-7640
https://database.factgrid.de/entity/Q396626,Judith Brottrager,Weibliches Geschlecht,0000-0002-3108-8936
https://database.factgrid.de/entity/Q989342,Yuliya Fadeeva,Weibliches Geschlecht,0000-0002-3119-7892
https://database.factgrid.de/entity/Q1380276,Estrid Sørensen,Weibliches Geschlecht,0000-0002-3131-9415
https://database.factgrid.de/entity/Q398230,Charlotte Schubert,Weibliches Geschlecht,0000-0002-3132-8231
https://database.factgrid.de/entity/Q396722,Felix Lange,Männliches Geschlecht,0000-0002-3201-3792
https://database.factgrid.de/entity/Q1380168,Benjamin Hitz,Männliches Geschlecht,0000-0002-3208-4881
https://database.factgrid.de/entity/Q397790,Nina Rastinger,Weibliches Geschlecht,0000-0002-3235-5063
https://database.factgrid.de/entity/Q397520,Florian Thiery,Männliches Geschlecht,0000-0002-3246-3531
https://database.factgrid.de/entity/Q397896,Malte Rehbein,Männliches Geschlecht,0000-0002-3252-0604
https://database.factgrid.de/entity/Q824383,Konstantin Schulz,Männliches Geschlecht,0000-0002-3261-9735
https://database.factgrid.de/entity/Q1380451,Ursula Stampfer,Weibliches Geschlecht,0000-0002-3308-7048
https://database.factgrid.de/entity/Q396026,Tinghui Duan,Männliches Geschlecht,0000-0002-3324-0938
https://database.factgrid.de/entity/Q257166,Ruth von dem Bussche,Weibliches Geschlecht,0000-0002-3360-0104
https://database.factgrid.de/entity/Q397760,Elisabeth Burr,Weibliches Geschlecht,0000-0002-3445-150X
https://database.factgrid.de/entity/Q1380184,Arne Klemenz,Männliches Geschlecht,0000-0002-3450-8748
https://database.factgrid.de/entity/Q398434,Stefan Buddenbohm,Männliches Geschlecht,0000-0002-3469-6101
https://database.factgrid.de/entity/Q396619,Marian Dörk,Männliches Geschlecht,0000-0002-3469-7841
https://database.factgrid.de/entity/Q1380171,Stefan Hynek,Männliches Geschlecht,0000-0002-3485-0746
https://database.factgrid.de/entity/Q397712,Hannah Busch,Weibliches Geschlecht,0000-0002-3491-8202
https://database.factgrid.de/entity/Q396630,Anna Busch,Weibliches Geschlecht,0000-0002-3491-8202
https://database.factgrid.de/entity/Q989525,Andreas Christ,Männliches Geschlecht,0000-0002-3591-2355
https://database.factgrid.de/entity/Q397868,Heike Neuroth,Weibliches Geschlecht,0000-0002-3637-3154
https://database.factgrid.de/entity/Q989538,Christoph Steindl,Männliches Geschlecht,0000-0002-3651-8114
https://database.factgrid.de/entity/Q396745,Michael Vauth,Männliches Geschlecht,0000-0002-3668-6273
https://database.factgrid.de/entity/Q398956,Uwe Kretschmer,Männliches Geschlecht,0000-0002-3685-6519
https://database.factgrid.de/entity/Q396674,Thora Hagen,Weibliches Geschlecht,0000-0002-3731-6397
https://database.factgrid.de/entity/Q77192,Bart Soethaert,Männliches Geschlecht,0000-0002-3845-605X
https://database.factgrid.de/entity/Q396606,Melanie Andresen,Weibliches Geschlecht,0000-0002-3913-1273
https://database.factgrid.de/entity/Q1380345,Nicole Eichenberger,Weibliches Geschlecht,0000-0002-3941-9461
https://database.factgrid.de/entity/Q1380445,Mark Schwindt,Männliches Geschlecht,0000-0002-4337-2467
https://database.factgrid.de/entity/Q396704,Moritz Steffes,Männliches Geschlecht,0000-0002-4355-3209
https://database.factgrid.de/entity/Q424911,Haimo Stiemer,Männliches Geschlecht,0000-0002-4407-2415
https://database.factgrid.de/entity/Q989345,Stefan Scherbaum,Männliches Geschlecht,0000-0002-4408-6016
https://database.factgrid.de/entity/Q398486,Celia Krause,Weibliches Geschlecht,0000-0002-4448-230X
https://database.factgrid.de/entity/Q396648,Christof Schöch,Männliches Geschlecht,0000-0002-4557-2753
https://database.factgrid.de/entity/Q1380192,Xenia Monika Kudela,Weibliches Geschlecht,0000-0002-4582-0542
https://database.factgrid.de/entity/Q989346,Hans Ole Hatzel,Männliches Geschlecht,0000-0002-4586-7260
https://database.factgrid.de/entity/Q396625,Anne Baillot,Weibliches Geschlecht,0000-0002-4593-059X
https://database.factgrid.de/entity/Q396734,Sarah Lang,Weibliches Geschlecht,0000-0002-4618-9481
https://database.factgrid.de/entity/Q396393,Arnošt Štanzel,Männliches Geschlecht,0000-0002-4686-8185
https://database.factgrid.de/entity/Q1380245,Lina Rodenhausen,Weibliches Geschlecht,0000-0002-4709-082X
https://database.factgrid.de/entity/Q396600,Michael Achmann,Männliches Geschlecht,0000-0002-4754-7842
https://database.factgrid.de/entity/Q396548,Stefan Reiners-Selbach,Männliches Geschlecht,0000-0002-4763-4348
https://database.factgrid.de/entity/Q1380247,Lisa Rosendahl,Weibliches Geschlecht,0000-0002-4826-4553
https://database.factgrid.de/entity/Q398204,Christopher Pollin,Männliches Geschlecht,0000-0002-4879-129X
https://database.factgrid.de/entity/Q989347,Julianne Nyhan,Weibliches Geschlecht,0000-0002-4998-1757
https://database.factgrid.de/entity/Q1380388,Ralf Krestel,Männliches Geschlecht,0000-0002-5036-8589
https://database.factgrid.de/entity/Q23626,Harald Lordick,Männliches Geschlecht,0000-0002-5070-4263
https://database.factgrid.de/entity/Q989468,Jonatan Steller,Männliches Geschlecht,0000-0002-5101-5275
https://database.factgrid.de/entity/Q1380302,Sean Winslow,Männliches Geschlecht,0000-0002-5114-0594
https://database.factgrid.de/entity/Q1380122,Theodore Beers,Männliches Geschlecht,0000-0002-5129-5748
https://database.factgrid.de/entity/Q396742,Florian Windhager,Männliches Geschlecht,0000-0002-5170-2243
https://database.factgrid.de/entity/Q396774,Lozana Rossenova,Weibliches Geschlecht,0000-0002-5190-1867
https://database.factgrid.de/entity/Q396656,Edward Gray,Männliches Geschlecht,0000-0002-5201-1014
https://database.factgrid.de/entity/Q396777,Werner Scheltjens,Männliches Geschlecht,0000-0002-5209-9052
https://database.factgrid.de/entity/Q396688,J. Berenike Herrmann,Weibliches Geschlecht,0000-0002-5256-0566
https://database.factgrid.de/entity/Q1380134,Matthias Buschmeier,Männliches Geschlecht,0000-0002-5264-2545
https://database.factgrid.de/entity/Q396641,Matej Ďurčo,Männliches Geschlecht,0000-0002-5274-8278
https://database.factgrid.de/entity/Q1380146,Claudia Frick,Weibliches Geschlecht,0000-0002-5291-4301
https://database.factgrid.de/entity/Q396431,Swantje Dogunke,Weibliches Geschlecht,0000-0002-5293-7044
https://database.factgrid.de/entity/Q1352424,Angela Huang,Weibliches Geschlecht,0000-0002-5321-9888
https://database.factgrid.de/entity/Q396805,Erzsébet Tóth-Czifra,Weibliches Geschlecht,0000-0002-5350-067X
https://database.factgrid.de/entity/Q1380422,Achim Rabus,Männliches Geschlecht,0000-0002-5366-1430
https://database.factgrid.de/entity/Q1380268,Mark Spoerer,Männliches Geschlecht,0000-0002-5549-6512
https://database.factgrid.de/entity/Q1380405,Felix Klaus Maier,Männliches Geschlecht,0000-0002-5578-723X
https://database.factgrid.de/entity/Q1380158,Marc Grellert,Männliches Geschlecht,0000-0002-5587-902X
https://database.factgrid.de/entity/Q1380396,Erik Körner,Männliches Geschlecht,0000-0002-5639-6177
https://database.factgrid.de/entity/Q536543,Till Grallert,Männliches Geschlecht,0000-0002-5739-8094
https://database.factgrid.de/entity/Q396586,Hanna Varachkina,Weibliches Geschlecht,0000-0002-5832-3983
https://database.factgrid.de/entity/Q1380328,Patrick Daniel Brookshire,Männliches Geschlecht,0000-0002-5843-7577
https://database.factgrid.de/entity/Q397772,Nils Geißler,Männliches Geschlecht,0000-0002-5852-1402
https://database.factgrid.de/entity/Q397999,Caroline Sporleder,Weibliches Geschlecht,0000-0002-5912-7028
https://database.factgrid.de/entity/Q1380175,Thomas Jurczyk,Männliches Geschlecht,0000-0002-5943-2305
https://database.factgrid.de/entity/Q255071,Maret Nieländer,Weibliches Geschlecht,0000-0002-5972-6362
https://database.factgrid.de/entity/Q396655,Laure Barbot,Weibliches Geschlecht,0000-0002-6008-7959
https://database.factgrid.de/entity/Q396480,Sara Tiefenbacher,Weibliches Geschlecht,0000-0002-6300-4805
https://database.factgrid.de/entity/Q1380324,Dominic Berse,Männliches Geschlecht,0000-0002-6307-8556
https://database.factgrid.de/entity/Q1380117,Fernanda Alvares Freire,Weibliches Geschlecht,0000-0002-6414-5212
https://database.factgrid.de/entity/Q1380360,Folke Gernert,Männliches Geschlecht,0000-0002-6424-0711
https://database.factgrid.de/entity/Q635880,Felix Köther,Männliches Geschlecht,0000-0002-6432-1431
https://database.factgrid.de/entity/Q989349,Elisa Cugliana,Weibliches Geschlecht,0000-0002-6460-2954
https://database.factgrid.de/entity/Q396611,Benjamin Fiechter,Männliches Geschlecht,0000-0002-6478-5260
https://database.factgrid.de/entity/Q396565,Matthias Springstein,Männliches Geschlecht,0000-0002-6509-8534
https://database.factgrid.de/entity/Q499243,Yannik Herbst,Männliches Geschlecht,0000-0002-6547-9599
https://database.factgrid.de/entity/Q397546,Dominik Kasper,Männliches Geschlecht,0000-0002-6587-381X
https://database.factgrid.de/entity/Q989351,Vandana Jha,Weibliches Geschlecht,0000-0002-6629-0042
https://database.factgrid.de/entity/Q397638,Christian Steiner,Männliches Geschlecht,0000-0002-6658-4622
https://database.factgrid.de/entity/Q396657,Wladimir Fischer-Nebmaier,Männliches Geschlecht,0000-0002-6725-9012
https://database.factgrid.de/entity/Q396759,Zoltan Kacsuk,Männliches Geschlecht,0000-0002-6733-3294
https://database.factgrid.de/entity/Q396781,Philipp Schneider,Männliches Geschlecht,0000-0002-6743-8600
https://database.factgrid.de/entity/Q396779,Thomas Scherer,Männliches Geschlecht,0000-0002-6746-2803
https://database.factgrid.de/entity/Q396754,Torsten Hiltmann,Männliches Geschlecht,0000-0002-6757-6210
https://database.factgrid.de/entity/Q1380222,Eric Müller-Budack,Männliches Geschlecht,0000-0002-6802-1241
https://database.factgrid.de/entity/Q1380200,Marina Lehmann,Weibliches Geschlecht,0000-0002-6818-6169
https://database.factgrid.de/entity/Q396663,Stefan Dumont,Männliches Geschlecht,0000-0002-6923-0950
https://database.factgrid.de/entity/Q1380261,Jascha Merijn Schmitz,Männliches Geschlecht,0000-0002-6971-6758
https://database.factgrid.de/entity/Q989352,Jascha Schmitz,Männliches Geschlecht,0000-0002-6971-6758
https://database.factgrid.de/entity/Q1380357,Andreas Geißner,Männliches Geschlecht,0000-0002-6996-4671
https://database.factgrid.de/entity/Q989353,Patrick Troglauer,Männliches Geschlecht,0000-0002-7045-6877
https://database.factgrid.de/entity/Q147710,Christian Popp,Männliches Geschlecht,0000-0002-7051-5160
https://database.factgrid.de/entity/Q1380173,Caroline Jansky,Weibliches Geschlecht,0000-0002-7071-1022
https://database.factgrid.de/entity/Q397989,Giuseppe Abrami,Männliches Geschlecht,0000-0002-7084-4909
https://database.factgrid.de/entity/Q1345220,Denise Jurst-Görlach,Weibliches Geschlecht,0000-0002-7130-1121
https://database.factgrid.de/entity/Q398260,Thorsten Trippel,Männliches Geschlecht,0000-0002-7211-7393
https://database.factgrid.de/entity/Q398417,Constanze Baum,Weibliches Geschlecht,0000-0002-7214-9504
https://database.factgrid.de/entity/Q396778,Christoph Schlieder,Männliches Geschlecht,0000-0002-7226-8204
https://database.factgrid.de/entity/Q396407,Toni Bernhart,Weibliches Geschlecht,0000-0002-7255-2504
https://database.factgrid.de/entity/Q1380468,Rebecca Wilm,Weibliches Geschlecht,0000-0002-7273-7832
https://database.factgrid.de/entity/Q1380397,Kai Labusch,Männliches Geschlecht,0000-0002-7275-5483
https://database.factgrid.de/entity/Q398191,Georg Schelbert,Männliches Geschlecht,0000-0002-7314-8589
https://database.factgrid.de/entity/Q1380376,Viktor J. Illmer,Männliches Geschlecht,0000-0002-7334-781X
https://database.factgrid.de/entity/Q635968,Viktor Illmer,Männliches Geschlecht,0000-0002-7334-781X
https://database.factgrid.de/entity/Q989355,Sara Akhlaq,Weibliches Geschlecht,0000-0002-7356-7492
https://database.factgrid.de/entity/Q1380348,Elias Entrup,Männliches Geschlecht,0000-0002-7380-1189
https://database.factgrid.de/entity/Q396664,Sascha Grabsch,Männliches Geschlecht,0000-0002-7447-4589
https://database.factgrid.de/entity/Q397640,Helmut W. Klug,Männliches Geschlecht,0000-0002-7461-5820
https://database.factgrid.de/entity/Q396659,Richard Lein,Männliches Geschlecht,0000-0002-7502-0503
https://database.factgrid.de/entity/Q396757,Josefine Zinck,Weibliches Geschlecht,0000-0002-7511-098X
https://database.factgrid.de/entity/Q701552,Heike Fliegl,Weibliches Geschlecht,0000-0002-7541-115X
https://database.factgrid.de/entity/Q396584,Ngoc Duyen Tanja Tu,Weibliches Geschlecht,0000-0002-7586-0617
https://database.factgrid.de/entity/Q396789,Melanie E.-H. Seltmann,Weibliches Geschlecht,0000-0002-7588-4395
https://database.factgrid.de/entity/Q396798,Stephanie Werner,Weibliches Geschlecht,0000-0002-7588-4395
https://database.factgrid.de/entity/Q989520,Agnes Hilger,Weibliches Geschlecht,0000-0002-7636-341X
https://database.factgrid.de/entity/Q396667,Svenja Guhr,Weibliches Geschlecht,0000-0002-7686-3609
https://database.factgrid.de/entity/Q989466,Sabrina Strutz,Weibliches Geschlecht,0000-0002-7745-0558
https://database.factgrid.de/entity/Q1380180,Katharina Kinder-Kurlanda,Weibliches Geschlecht,0000-0002-7749-645X
https://database.factgrid.de/entity/Q396529,Øyvind Eide,Männliches Geschlecht,0000-0002-7766-6287
https://database.factgrid.de/entity/Q1380379,Anna Jouravel,Weibliches Geschlecht,0000-0002-7767-4973
https://database.factgrid.de/entity/Q1380149,Manfred Füllsack,Männliches Geschlecht,0000-0002-7772-4061
https://database.factgrid.de/entity/Q396617,Georg Rehm,Männliches Geschlecht,0000-0002-7800-1893
https://database.factgrid.de/entity/Q396786,Koraljka Kuzman-Šlogar,Weibliches Geschlecht,0000-0002-7810-0453
https://database.factgrid.de/entity/Q750600,Yannic Bracke,Männliches Geschlecht,0000-0002-7932-8230
https://database.factgrid.de/entity/Q396624,Mareike Schumacher,Weibliches Geschlecht,0000-0002-7952-4194
https://database.factgrid.de/entity/Q1380190,Sina Krottmaier,Weibliches Geschlecht,0000-0002-7966-7996
https://database.factgrid.de/entity/Q396623,Julia Nantke,Weibliches Geschlecht,0000-0002-8037-1009
https://database.factgrid.de/entity/Q398289,Thomas Burch,Männliches Geschlecht,0000-0002-8050-1475
https://database.factgrid.de/entity/Q398484,Adrien Barbaresi,Männliches Geschlecht,0000-0002-8079-8694
https://database.factgrid.de/entity/Q396620,Dominik Gerstorfer,Männliches Geschlecht,0000-0002-8095-2540
https://database.factgrid.de/entity/Q396756,Vivien Petras,Weibliches Geschlecht,0000-0002-8113-1509
https://database.factgrid.de/entity/Q397978,Mareike König,Weibliches Geschlecht,0000-0002-8189-8574
https://database.factgrid.de/entity/Q396671,Ulrike Wuttke,Weibliches Geschlecht,0000-0002-8217-4025
https://database.factgrid.de/entity/Q398175,David Lindemann,Männliches Geschlecht,0000-0002-8261-6882
https://database.factgrid.de/entity/Q396782,Sophie Schneider,Weibliches Geschlecht,0000-0002-8303-1798
https://database.factgrid.de/entity/Q396764,Stefanie Schneider,Weibliches Geschlecht,0000-0002-8303-1798
https://database.factgrid.de/entity/Q397590,Jürgen Hermes,Männliches Geschlecht,0000-0002-8367-8073
https://database.factgrid.de/entity/Q396768,Andreas Münzmay,Männliches Geschlecht,0000-0002-8373-4055
https://database.factgrid.de/entity/Q397955,Thomas Efer,Männliches Geschlecht,0000-0002-8376-3884
https://database.factgrid.de/entity/Q396519,Stephan Hoppe,Männliches Geschlecht,0000-0002-8444-624X
https://database.factgrid.de/entity/Q398044,Chris Biemann,Männliches Geschlecht,0000-0002-8449-9624
https://database.factgrid.de/entity/Q1380127,Andrea Beyer,Weibliches Geschlecht,0000-0002-8468-6411
https://database.factgrid.de/entity/Q1380197,Karsten Labahn,Männliches Geschlecht,0000-0002-8482-807X
https://database.factgrid.de/entity/Q499854,Oleksandra Bruns,Weibliches Geschlecht,0000-0002-8501-6700
https://database.factgrid.de/entity/Q1380195,Alexander König,Männliches Geschlecht,0000-0002-8540-2396
https://database.factgrid.de/entity/Q1380441,Hannah Schlimpen,Weibliches Geschlecht,0000-0002-8544-3374
https://database.factgrid.de/entity/Q396809,Helen Katsiadakis,Weibliches Geschlecht,0000-0002-8547-3143
https://database.factgrid.de/entity/Q398474,Tobias Kraft,Männliches Geschlecht,0000-0002-8564-1434
https://database.factgrid.de/entity/Q1380365,Sebastian Göttel,Männliches Geschlecht,0000-0002-8590-7730
https://database.factgrid.de/entity/Q395527,Caroline Müller,Weibliches Geschlecht,0000-0002-8591-7859
https://database.factgrid.de/entity/Q396802,Alexander Engel,Männliches Geschlecht,0000-0002-8592-3124
https://database.factgrid.de/entity/Q397510,Patrick Sahle,Männliches Geschlecht,0000-0002-8648-2033
https://database.factgrid.de/entity/Q1380229,Ines Peper,Weibliches Geschlecht,0000-0002-8676-3935
https://database.factgrid.de/entity/Q1380366,Angela Hammer,Weibliches Geschlecht,0000-0002-8711-3221
https://database.factgrid.de/entity/Q396513,Sabine Imeri,Weibliches Geschlecht,0000-0002-8844-4014
https://database.factgrid.de/entity/Q396636,Bernhard Standl,Männliches Geschlecht,0000-0002-8849-2980
https://database.factgrid.de/entity/Q989357,Lena Ehlers,Weibliches Geschlecht,0000-0002-8860-3740
https://database.factgrid.de/entity/Q397870,Torsten Schaßan,Männliches Geschlecht,0000-0002-8902-4775
https://database.factgrid.de/entity/Q1380395,Lydia Körber,Weibliches Geschlecht,0000-0002-8937-3799
https://database.factgrid.de/entity/Q419591,Michael Markert,Männliches Geschlecht,0000-0002-8943-4870
https://database.factgrid.de/entity/Q989358,Thomas Weitin,Männliches Geschlecht,0000-0002-9003-5746
https://database.factgrid.de/entity/Q1380132,Lucas Burkart,Männliches Geschlecht,0000-0002-9011-5113
https://database.factgrid.de/entity/Q1380380,Susanne Kabatnik,Weibliches Geschlecht,0000-0002-9022-9559
https://database.factgrid.de/entity/Q398068,Kay-Michael Würzner,Männliches Geschlecht,0000-0002-9039-4124
https://database.factgrid.de/entity/Q398641,Martin Sievers,Männliches Geschlecht,0000-0002-9079-8911
https://database.factgrid.de/entity/Q396635,Frank Leymann,Männliches Geschlecht,0000-0002-9123-259X
https://database.factgrid.de/entity/Q396807,Alíz Horváth,Weibliches Geschlecht,0000-0002-9131-5504
https://database.factgrid.de/entity/Q989359,Janos Borst,Männliches Geschlecht,0000-0002-9166-4069
https://database.factgrid.de/entity/Q397384,Alois Pichler,Männliches Geschlecht,0000-0002-9177-7645
https://database.factgrid.de/entity/Q396669,Walter Scholger,Männliches Geschlecht,0000-0002-9256-0958
https://database.factgrid.de/entity/Q1380291,Dominic Weber,Männliches Geschlecht,0000-0002-9265-3388
https://database.factgrid.de/entity/Q396799,Eva L. Wyss,Weibliches Geschlecht,0000-0002-9270-2522
https://database.factgrid.de/entity/Q396696,Lena Hinrichsen,Weibliches Geschlecht,0000-0002-9286-2390
https://database.factgrid.de/entity/Q397872,Martin de la Iglesia,Männliches Geschlecht,0000-0002-9319-4793
https://database.factgrid.de/entity/Q1380398,Frank Lange,Männliches Geschlecht,0000-0002-9346-6031
https://database.factgrid.de/entity/Q1380363,Johannes Griebel,Männliches Geschlecht,0000-0002-9373-6759
https://database.factgrid.de/entity/Q396436,Claes Neuefeind,Männliches Geschlecht,0000-0002-9377-9492
https://database.factgrid.de/entity/Q396690,Stefan Heßbrüggen-Walter,Männliches Geschlecht,0000-0002-9383-026X
https://database.factgrid.de/entity/Q396713,Jana Keck,Weibliches Geschlecht,0000-0002-9416-1256
https://database.factgrid.de/entity/Q1380462,Michela Vignoli,Weibliches Geschlecht,0000-0002-9495-5697
https://database.factgrid.de/entity/Q397518,Timo Homburg,Männliches Geschlecht,0000-0002-9499-5840
https://database.factgrid.de/entity/Q396684,Kerstin Jung,Weibliches Geschlecht,0000-0002-9548-8461
https://database.factgrid.de/entity/Q396603,Peter Andorfer,Männliches Geschlecht,0000-0002-9575-9372
https://database.factgrid.de/entity/Q989553,A. Nursen Durdaği,Weibliches Geschlecht,0000-0002-9596-3381
https://database.factgrid.de/entity/Q750603,Christoph Kudella,Männliches Geschlecht,0000-0002-9645-7122
https://database.factgrid.de/entity/Q1380285,Laura Untner,Weibliches Geschlecht,0000-0002-9649-0870
https://database.factgrid.de/entity/Q396622,Malte Meister,Männliches Geschlecht,0000-0002-9670-3573
https://database.factgrid.de/entity/Q396715,Sebastian Kindler,Männliches Geschlecht,0000-0002-9699-2360
https://database.factgrid.de/entity/Q396751,Christian Scheel,Männliches Geschlecht,0000-0002-9718-690X
https://database.factgrid.de/entity/Q398387,Ubbo Veentjer,Männliches Geschlecht,0000-0002-9726-3135
https://database.factgrid.de/entity/Q396693,Nicole High-Steskal,Weibliches Geschlecht,0000-0002-9823-5507
https://database.factgrid.de/entity/Q1380147,Marc Fuhrmans,Männliches Geschlecht,0000-0002-9826-018X
https://database.factgrid.de/entity/Q1380342,Rolf Drechsler,Männliches Geschlecht,0000-0002-9872-1740
https://database.factgrid.de/entity/Q1380303,Vivien Wolter,Weibliches Geschlecht,0000-0002-9982-9382
https://database.factgrid.de/entity/Q989360,Francis Harvey,Männliches Geschlecht,0000-0003-0027-8320
https://database.factgrid.de/entity/Q396631,Bernhard Fetz,Männliches Geschlecht,0000-0003-0032-3435
https://database.factgrid.de/entity/Q396643,Katrin Dennerlein,Weibliches Geschlecht,0000-0003-0059-9597
https://database.factgrid.de/entity/Q396675,Mark Hall,Männliches Geschlecht,0000-0003-0081-4277
https://database.factgrid.de/entity/Q989361,Johanna Konstanciak,Weibliches Geschlecht,0000-0003-0159-6144
https://database.factgrid.de/entity/Q1380264,Julian Schröter,Männliches Geschlecht,0000-0003-0168-2608
https://database.factgrid.de/entity/Q397478,Philip Schildkamp,Männliches Geschlecht,0000-0003-0209-2837
https://database.factgrid.de/entity/Q396668,Timo Steyer,Männliches Geschlecht,0000-0003-0218-2269
https://database.factgrid.de/entity/Q396652,Tim Feldmüller,Männliches Geschlecht,0000-0003-0350-3562
https://database.factgrid.de/entity/Q1380256,Markus Schiegg,Männliches Geschlecht,0000-0003-0357-3421
https://database.factgrid.de/entity/Q398115,Ingo Frank,Männliches Geschlecht,0000-0003-0372-3637
https://database.factgrid.de/entity/Q398281,Matthias Bauer,Männliches Geschlecht,0000-0003-0395-0629
https://database.factgrid.de/entity/Q398372,Klaus Thoden,Männliches Geschlecht,0000-0003-0434-3951
https://database.factgrid.de/entity/Q1380263,Oliver Schrader,Männliches Geschlecht,0000-0003-0481-395X
https://database.factgrid.de/entity/Q989362,Nadine Sutor,Weibliches Geschlecht,0000-0003-0577-4470
https://database.factgrid.de/entity/Q397484,Martina Bürgermeister,Weibliches Geschlecht,0000-0003-0594-1902
https://database.factgrid.de/entity/Q396744,Elias Kreuzmair,Männliches Geschlecht,0000-0003-0652-4748
https://database.factgrid.de/entity/Q396434,Jan Bigalke,Männliches Geschlecht,0000-0003-0721-9980
https://database.factgrid.de/entity/Q396723,Heinz-Günter Kuper,Männliches Geschlecht,0000-0003-0743-3346
https://database.factgrid.de/entity/Q396706,Marcus Baumgarten,Männliches Geschlecht,0000-0003-0801-9462
https://database.factgrid.de/entity/Q1380170,Dorothee Huff,Weibliches Geschlecht,0000-0003-0866-9967
https://database.factgrid.de/entity/Q396612,Matthias Arnold,Männliches Geschlecht,0000-0003-0876-6177
https://database.factgrid.de/entity/Q396475,Ralph Ewerth,Männliches Geschlecht,0000-0003-0918-6297
https://database.factgrid.de/entity/Q989363,Isabel Eiser,Weibliches Geschlecht,0000-0003-0923-3735
https://database.factgrid.de/entity/Q396785,Vanessa Hannesschläger,Weibliches Geschlecht,0000-0003-0938-0890
https://database.factgrid.de/entity/Q398051,Peter Uhrig,Männliches Geschlecht,0000-0003-0954-4322
https://database.factgrid.de/entity/Q989364,Desiree Mayer,Weibliches Geschlecht,0000-0003-0958-886X
https://database.factgrid.de/entity/Q396765,Brigitte Rath,Weibliches Geschlecht,0000-0003-0969-6297
https://database.factgrid.de/entity/Q398072,Daniel Burckhardt,Männliches Geschlecht,0000-0003-0982-3735
https://database.factgrid.de/entity/Q396685,Steffen Pielström,Männliches Geschlecht,0000-0003-1016-2911
https://database.factgrid.de/entity/Q397834,Andreas Kuczera,Männliches Geschlecht,0000-0003-1020-507X
https://database.factgrid.de/entity/Q1380334,Maria Chlastak,Weibliches Geschlecht,0000-0003-1046-3634
https://database.factgrid.de/entity/Q1380420,Lisa Poggel,Weibliches Geschlecht,0000-0003-1051-8148
https://database.factgrid.de/entity/Q398833,Robert Forkel,Männliches Geschlecht,0000-0003-1081-086X
https://database.factgrid.de/entity/Q396653,Alireza Zarei,Männliches Geschlecht,0000-0003-1110-4131
https://database.factgrid.de/entity/Q1380269,Julian Stalter,Männliches Geschlecht,0000-0003-1149-1688
https://database.factgrid.de/entity/Q398116,Greta Franzini,Weibliches Geschlecht,0000-0003-1159-5575
https://database.factgrid.de/entity/Q397418,Robert Nasarek,Männliches Geschlecht,0000-0003-1163-8504
https://database.factgrid.de/entity/Q397788,Peggy Große,Weibliches Geschlecht,0000-0003-1181-6219
https://database.factgrid.de/entity/Q396651,Jessie Pons,Weibliches Geschlecht,0000-0003-1211-2213
https://database.factgrid.de/entity/Q1380234,Frodo Podschwadek,Männliches Geschlecht,0000-0003-1248-4228
https://database.factgrid.de/entity/Q398388,Stefan E. Funk,Männliches Geschlecht,0000-0003-1259-2288
https://database.factgrid.de/entity/Q989365,Moritz Feichtinger,Männliches Geschlecht,0000-0003-1260-8884
https://database.factgrid.de/entity/Q1380446,Kateryna Schöning,Weibliches Geschlecht,0000-0003-1270-4294
https://database.factgrid.de/entity/Q989366,Lena-Luise Stahn,Weibliches Geschlecht,0000-0003-1298-5145
https://database.factgrid.de/entity/Q1380400,Jörg Lehmann,Männliches Geschlecht,0000-0003-1334-9693
https://database.factgrid.de/entity/Q396629,Manuel Burghardt,Männliches Geschlecht,0000-0003-1354-9089
https://database.factgrid.de/entity/Q989536,Christian Vater,Männliches Geschlecht,0000-0003-1367-8489
https://database.factgrid.de/entity/Q1380444,Christian Schröter geb. Vater,Männliches Geschlecht,0000-0003-1367-8489
https://database.factgrid.de/entity/Q396784,Martina Scholger,Weibliches Geschlecht,0000-0003-1438-3236
https://database.factgrid.de/entity/Q396604,Matthias Schlögl,Männliches Geschlecht,0000-0003-1451-0987
https://database.factgrid.de/entity/Q396790,Kevin Wunsch,Männliches Geschlecht,0000-0003-1491-747X
https://database.factgrid.de/entity/Q398243,Barbara Aehnlich,Weibliches Geschlecht,0000-0003-1492-7766
https://database.factgrid.de/entity/Q1380467,David M. Weigl,Männliches Geschlecht,0000-0003-1502-1528
https://database.factgrid.de/entity/Q534602,Angela Kailus,Weibliches Geschlecht,0000-0003-1514-2258
https://database.factgrid.de/entity/Q989377,Thomas Nikolaus Haider,Männliches Geschlecht,0000-0003-1522-4026
https://database.factgrid.de/entity/Q396443,Daniele Guido,Weibliches Geschlecht,0000-0003-1601-4274
https://database.factgrid.de/entity/Q1380228,Stephanie Palek,Weibliches Geschlecht,0000-0003-1624-896X
https://database.factgrid.de/entity/Q1380415,Stephanie Nitsche,Weibliches Geschlecht,0000-0003-1624-896X
https://database.factgrid.de/entity/Q396710,Melina Jander,Weibliches Geschlecht,0000-0003-1646-6836
https://database.factgrid.de/entity/Q396794,Lena Dunkelmann,Weibliches Geschlecht,0000-0003-1655-2910
https://database.factgrid.de/entity/Q398586,Dirk Goldhahn,Männliches Geschlecht,0000-0003-1681-567X
https://database.factgrid.de/entity/Q398101,Canan Hastik,Weibliches Geschlecht,0000-0003-1729-4642
https://database.factgrid.de/entity/Q989367,Nicolas Schenk,Männliches Geschlecht,0000-0003-1733-9601
https://database.factgrid.de/entity/Q946702,Melanie Gruß,Weibliches Geschlecht,0000-0003-1768-0092
https://database.factgrid.de/entity/Q396755,Sina Menzel,Weibliches Geschlecht,0000-0003-1798-2672
https://database.factgrid.de/entity/Q396400,Benjamin Krautter,Männliches Geschlecht,0000-0003-1804-7520
https://database.factgrid.de/entity/Q396733,Maximilian Wehner,Männliches Geschlecht,0000-0003-1817-6955
https://database.factgrid.de/entity/Q806072,Jakob Jünger,Männliches Geschlecht,0000-0003-1860-6695
https://database.factgrid.de/entity/Q396766,Klaus Rettinghaus,Männliches Geschlecht,0000-0003-1898-2543
https://database.factgrid.de/entity/Q397954,Thomas Kollatz,Männliches Geschlecht,0000-0003-1904-1841
https://database.factgrid.de/entity/Q398006,Jörg Wettlaufer,Männliches Geschlecht,0000-0003-1957-8059
https://database.factgrid.de/entity/Q1380143,Claudia Esch,Weibliches Geschlecht,0000-0003-1996-0581
https://database.factgrid.de/entity/Q395527,Caroline Müller,Weibliches Geschlecht,0000-0003-2009-6882
https://database.factgrid.de/entity/Q989470,Phillip Ströbel,Männliches Geschlecht,0000-0003-2063-5495
https://database.factgrid.de/entity/Q1380321,Baptiste Baumann,Männliches Geschlecht,0000-0003-2063-6199
https://database.factgrid.de/entity/Q1380338,Abdelmoneim Desouki,Männliches Geschlecht,0000-0003-2083-1277
https://database.factgrid.de/entity/Q396549,Jan Baedke,Männliches Geschlecht,0000-0003-2138-785X
https://database.factgrid.de/entity/Q1380298,Martin Wiegand,Männliches Geschlecht,0000-0003-2151-5823
https://database.factgrid.de/entity/Q398353,Iryna Gurevych,Weibliches Geschlecht,0000-0003-2187-7621
https://database.factgrid.de/entity/Q1380429,Imelda Rohrbacher,Weibliches Geschlecht,0000-0003-2198-4478
https://database.factgrid.de/entity/Q1380292,Matthias Weber,Männliches Geschlecht,0000-0003-2198-8989
https://database.factgrid.de/entity/Q396665,Jonas Müller-Laackman,Männliches Geschlecht,0000-0003-2279-6751
https://database.factgrid.de/entity/Q1380443,Annika Schröer,Weibliches Geschlecht,0000-0003-2293-4093
https://database.factgrid.de/entity/Q396727,Anna-Lena Nowicki,Weibliches Geschlecht,0000-0003-2323-5681
https://database.factgrid.de/entity/Q398295,Ksenia Stanicka-Brzezicka,Weibliches Geschlecht,0000-0003-2390-8903
https://database.factgrid.de/entity/Q396694,Konstantin Baierer,Männliches Geschlecht,0000-0003-2397-242X
https://database.factgrid.de/entity/Q398021,Gerrit Brüning,Männliches Geschlecht,0000-0003-2402-6734
https://database.factgrid.de/entity/Q254956,Ina Serif,Weibliches Geschlecht,0000-0003-2419-4252
https://database.factgrid.de/entity/Q396639,Frank Fischer,Männliches Geschlecht,0000-0003-2419-6629
https://database.factgrid.de/entity/Q398142,Simone Lässig,Weibliches Geschlecht,0000-0003-2426-3502
https://database.factgrid.de/entity/Q989469,Luca Giovannini,Männliches Geschlecht,0000-0003-2444-7192
https://database.factgrid.de/entity/Q1380447,Kristin Shi-Kupfer,Weibliches Geschlecht,0000-0003-2499-7047
https://database.factgrid.de/entity/Q397977,Markus Schnöpf,Männliches Geschlecht,0000-0003-2529-8248
https://database.factgrid.de/entity/Q396658,Stephan Kurz,Männliches Geschlecht,0000-0003-2546-2570
https://database.factgrid.de/entity/Q989368,Tim Fischer,Männliches Geschlecht,0000-0003-2560-5623
https://database.factgrid.de/entity/Q397948,Alexander Mehler,Männliches Geschlecht,0000-0003-2567-7539
https://database.factgrid.de/entity/Q425619,Anja Gerber,Weibliches Geschlecht,0000-0003-2576-1511
https://database.factgrid.de/entity/Q1380406,Nicole Majka,Weibliches Geschlecht,0000-0003-2657-0645
https://database.factgrid.de/entity/Q147141,Jesper Zedlitz,Männliches Geschlecht,0000-0003-2664-5010
https://database.factgrid.de/entity/Q396729,Jan Köster,Männliches Geschlecht,0000-0003-2713-5207
https://database.factgrid.de/entity/Q396719,Merten Kröncke,Männliches Geschlecht,0000-0003-2717-0598
https://database.factgrid.de/entity/Q396633,Fabian Bühler,Männliches Geschlecht,0000-0003-2834-4342
https://database.factgrid.de/entity/Q396686,Ulrike Henny-Krahmer,Weibliches Geschlecht,0000-0003-2852-065X
https://database.factgrid.de/entity/Q397582,Björn Schembera,Männliches Geschlecht,0000-0003-2860-6621
https://database.factgrid.de/entity/Q398032,Kristin Herold,Weibliches Geschlecht,0000-0003-2915-353X
https://database.factgrid.de/entity/Q397990,Christian Wachter,Männliches Geschlecht,0000-0003-2937-0868
https://database.factgrid.de/entity/Q396640,Henny Sluyter-Gäthje,Weibliches Geschlecht,0000-0003-2969-3237
https://database.factgrid.de/entity/Q989369,David Walsh,Männliches Geschlecht,0000-0003-2972-8233
https://database.factgrid.de/entity/Q1380177,Kai Kauffmann,Männliches Geschlecht,0000-0003-3029-3097
https://database.factgrid.de/entity/Q398421,Nils-Oliver Walkowski,Männliches Geschlecht,0000-0003-3043-3010
https://database.factgrid.de/entity/Q396592,Niels-Oliver Walkowski,Männliches Geschlecht,0000-0003-3043-3010
https://database.factgrid.de/entity/Q649737,Florian Grumbach,Männliches Geschlecht,0000-0003-3068-0265
https://database.factgrid.de/entity/Q747404,Franziska Klemstein,Weibliches Geschlecht,0000-0003-3137-6732
https://database.factgrid.de/entity/Q397937,Martin Prell,Männliches Geschlecht,0000-0003-3152-6542
https://database.factgrid.de/entity/Q396783,Hubertus Kohle,Männliches Geschlecht,0000-0003-3162-1304
https://database.factgrid.de/entity/Q397716,Daniela Schulz,Weibliches Geschlecht,0000-0003-3167-5089
https://database.factgrid.de/entity/Q397941,Andreas Müller,Männliches Geschlecht,0000-0003-3185-7341
https://database.factgrid.de/entity/Q396724,Anja Müller,Weibliches Geschlecht,0000-0003-3185-7341
https://database.factgrid.de/entity/Q396608,Nils Reiter,Männliches Geschlecht,0000-0003-3193-6170
https://database.factgrid.de/entity/Q398081,Robert Jäschke,Männliches Geschlecht,0000-0003-3271-9653
https://database.factgrid.de/entity/Q1380442,Gero Schreier,Männliches Geschlecht,0000-0003-3293-9621
https://database.factgrid.de/entity/Q396435,Sviatoslav Drach,Männliches Geschlecht,0000-0003-3324-1655
https://database.factgrid.de/entity/Q1380230,Chiara Petrolini,Weibliches Geschlecht,0000-0003-3355-6067
https://database.factgrid.de/entity/Q396730,Claus Franke,Männliches Geschlecht,0000-0003-3371-6163
https://database.factgrid.de/entity/Q1380392,Markus Kunzmann,Männliches Geschlecht,0000-0003-3387-1542
https://database.factgrid.de/entity/Q989370,Regine Stein,Weibliches Geschlecht,0000-0003-3406-5104
https://database.factgrid.de/entity/Q396587,Florian Barth,Männliches Geschlecht,0000-0003-3408-7311
https://database.factgrid.de/entity/Q396725,Kilian Amrhein,Männliches Geschlecht,0000-0003-3459-3898
https://database.factgrid.de/entity/Q1380329,Jens Bruchertseifer,Männliches Geschlecht,0000-0003-3536-3082
https://database.factgrid.de/entity/Q1380188,Natalie Kraneiß,Weibliches Geschlecht,0000-0003-3584-285X
https://database.factgrid.de/entity/Q396716,Jan Sebastian Klaes,Männliches Geschlecht,0000-0003-3597-7017
https://database.factgrid.de/entity/Q989542,Bernd Ludwig,Männliches Geschlecht,0000-0003-3599-2081
https://database.factgrid.de/entity/Q1380232,Vera Piontkowitz,Weibliches Geschlecht,0000-0003-3605-3609
https://database.factgrid.de/entity/Q397965,Timo Schmidt,Männliches Geschlecht,0000-0003-3620-3355
https://database.factgrid.de/entity/Q397794,Ernesto William De Luca,Männliches Geschlecht,0000-0003-3621-4118
https://database.factgrid.de/entity/Q398322,Rainer Stotzka,Männliches Geschlecht,0000-0003-3642-1264
https://database.factgrid.de/entity/Q989371,Lukas Nils Regeler,Männliches Geschlecht,0000-0003-3659-2055
https://database.factgrid.de/entity/Q1380391,Jacek Kudera,Männliches Geschlecht,0000-0003-3678-1067
https://database.factgrid.de/entity/Q398317,Anne Klammt,Weibliches Geschlecht,0000-0003-3697-9241
https://database.factgrid.de/entity/Q397838,Rabea Kleymann,Weibliches Geschlecht,0000-0003-3856-2685
https://database.factgrid.de/entity/Q396627,Viktoria Brüggemann,Weibliches Geschlecht,0000-0003-3858-0269
https://database.factgrid.de/entity/Q1380434,Evgenia Samoilova,Weibliches Geschlecht,0000-0003-3858-901X
https://database.factgrid.de/entity/Q1380308,Joris J. van Zundert,Männliches Geschlecht,0000-0003-3862-7602
https://database.factgrid.de/entity/Q397952,Franziska Diehr,Weibliches Geschlecht,0000-0003-3886-3250
https://database.factgrid.de/entity/Q499875,Pauline Junginger,Weibliches Geschlecht,0000-0003-3899-1674
https://database.factgrid.de/entity/Q396678,Germaine Götzelmann,Weibliches Geschlecht,0000-0003-3974-3728
https://database.factgrid.de/entity/Q1380417,Lilly Osburg,Weibliches Geschlecht,0000-0003-4013-9317
https://database.factgrid.de/entity/Q1380306,Chiara Zuanni,Weibliches Geschlecht,0000-0003-4027-0278
https://database.factgrid.de/entity/Q396682,Patrick Helling,Männliches Geschlecht,0000-0003-4043-165X
https://database.factgrid.de/entity/Q989521,Alexander Lasch,Männliches Geschlecht,0000-0003-4046-3993
https://database.factgrid.de/entity/Q80560,Katrin Moeller,Weibliches Geschlecht,0000-0003-4090-5667
https://database.factgrid.de/entity/Q989373,Florian Schneider,Männliches Geschlecht,0000-0003-4141-1415
https://database.factgrid.de/entity/Q396692,Jan Hess,Männliches Geschlecht,0000-0003-4162-2132
https://database.factgrid.de/entity/Q396683,Felix Rau,Männliches Geschlecht,0000-0003-4167-0601
https://database.factgrid.de/entity/Q1380277,Anke Taube,Weibliches Geschlecht,0000-0003-4178-086X
https://database.factgrid.de/entity/Q1380120,Anja Becker,Weibliches Geschlecht,0000-0003-4202-1566
https://database.factgrid.de/entity/Q1380236,Ismail Prada Ziegler,Männliches Geschlecht,0000-0003-4229-8688
https://database.factgrid.de/entity/Q396750,Bryan Jurish,Männliches Geschlecht,0000-0003-4230-3790
https://database.factgrid.de/entity/Q396753,Rolf Guescini,Männliches Geschlecht,0000-0003-4325-5751
https://database.factgrid.de/entity/Q396637,Dominik Bönisch,Männliches Geschlecht,0000-0003-4336-0180
https://database.factgrid.de/entity/Q989374,Stefanie Dipper,Weibliches Geschlecht,0000-0003-4357-9078
https://database.factgrid.de/entity/Q396607,Janis Pagel,Männliches Geschlecht,0000-0003-4370-1483
https://database.factgrid.de/entity/Q397564,Julian Schulz,Männliches Geschlecht,0000-0003-4374-2680
https://database.factgrid.de/entity/Q1380369,Ludger Hiepel,Männliches Geschlecht,0000-0003-4473-3399
https://database.factgrid.de/entity/Q989464,Selina Galka,Weibliches Geschlecht,0000-0003-4476-315X
https://database.factgrid.de/entity/Q397802,Maximilian Noichl,Männliches Geschlecht,0000-0003-4518-0837
https://database.factgrid.de/entity/Q396695,Matthias Boenig,Männliches Geschlecht,0000-0003-4615-4753
https://database.factgrid.de/entity/Q1059777,Franziska Naether,Weibliches Geschlecht,0000-0003-4652-6836
https://database.factgrid.de/entity/Q989375,Malte Hagener,Männliches Geschlecht,0000-0003-4664-5536
https://database.factgrid.de/entity/Q397630,Andreas Mertgens,Männliches Geschlecht,0000-0003-4665-2226
https://database.factgrid.de/entity/Q396605,Roman Bleier,Männliches Geschlecht,0000-0003-4674-1042
https://database.factgrid.de/entity/Q398573,Immanuel Normann,Männliches Geschlecht,0000-0003-4702-1282
https://database.factgrid.de/entity/Q396514,Marina Lemaire,Weibliches Geschlecht,0000-0003-4726-2481
https://database.factgrid.de/entity/Q989376,Elodie Ripoll,Weibliches Geschlecht,0000-0003-4782-769X
https://database.factgrid.de/entity/Q1380386,Ralf Klammer,Männliches Geschlecht,0000-0003-4816-6440
https://database.factgrid.de/entity/Q396642,Carolin Odebrecht,Weibliches Geschlecht,0000-0003-4887-7701
https://database.factgrid.de/entity/Q397828,Johannes Kepper,Männliches Geschlecht,0000-0003-4891-260X
https://database.factgrid.de/entity/Q396782,Sophie Schneider,Weibliches Geschlecht,0000-0003-4915-6949
https://database.factgrid.de/entity/Q396764,Stefanie Schneider,Weibliches Geschlecht,0000-0003-4915-6949
https://database.factgrid.de/entity/Q989432,Michael Kurzmeier,Männliches Geschlecht,0000-0003-4925-5197
https://database.factgrid.de/entity/Q396791,Andrea Rapp,Weibliches Geschlecht,0000-0003-4933-4397
https://database.factgrid.de/entity/Q1380425,Achim Rettinger,Männliches Geschlecht,0000-0003-4950-1167
https://database.factgrid.de/entity/Q398182,Christian Wagner,Männliches Geschlecht,0000-0003-4957-3478
https://database.factgrid.de/entity/Q1380432,Viola Rühse,Weibliches Geschlecht,0000-0003-4958-8549
https://database.factgrid.de/entity/Q1380279,Aleksej Tikhonov,Männliches Geschlecht,00000-0002-0772-3397
https://database.factgrid.de/entity/Q1380377,Johannes Ioannu,Männliches Geschlecht,0009-0000-3952-0730
https://database.factgrid.de/entity/Q1380267,Tomash Shtohryn,Männliches Geschlecht,0009-0000-4597-603X
https://database.factgrid.de/entity/Q1380339,Christina Dittmann,Weibliches Geschlecht,0009-0000-7085-3154
https://database.factgrid.de/entity/Q1380403,Robin Luger,Weibliches Geschlecht,0009-0000-7816-015X
https://database.factgrid.de/entity/Q1380208,Jonah Lubin,Männliches Geschlecht,0009-0000-7900-1994
https://database.factgrid.de/entity/Q513716,Katja Liebing,Weibliches Geschlecht,0009-0001-1624-6465
https://database.factgrid.de/entity/Q1380116,Wassim Alrez,Männliches Geschlecht,0009-0001-2105-082X
https://database.factgrid.de/entity/Q1059187,Nadine Raddatz,Weibliches Geschlecht,0009-0001-2533-4029
https://database.factgrid.de/entity/Q1380358,Philippe Genêt,Männliches Geschlecht,0009-0001-5095-8052
https://database.factgrid.de/entity/Q1380112,Christina Abel,Weibliches Geschlecht,0009-0001-5858-7698
https://database.factgrid.de/entity/Q397951,Daniel Baumartz,Männliches Geschlecht,0009-0001-7105-5020
https://database.factgrid.de/entity/Q1380152,Sebastian Gassmann,Männliches Geschlecht,0009-0001-9396-8824
https://database.factgrid.de/entity/Q1380466,Veronica Wassermayr,Weibliches Geschlecht,0009-0001-9638-2677
https://database.factgrid.de/entity/Q547776,Julian Freytag,Männliches Geschlecht,0009-0002-0622-2184
https://database.factgrid.de/entity/Q529610,Yannick Pultar,Männliches Geschlecht,0009-0002-0819-958X
https://database.factgrid.de/entity/Q989381,Daniel Kababgi,Männliches Geschlecht,0009-0002-0990-6418
https://database.factgrid.de/entity/Q1380118,Robin-M. Aust,Männliches Geschlecht,0009-0002-2245-281X
https://database.factgrid.de/entity/Q1380472,Vera Yakupova,Weibliches Geschlecht,0009-0002-2752-4966
https://database.factgrid.de/entity/Q1380178,Nils Kellner,Männliches Geschlecht,0009-0002-3966-5635
https://database.factgrid.de/entity/Q1059788,Philipp Sauer,Männliches Geschlecht,0009-0002-6251-1888
https://database.factgrid.de/entity/Q1380209,Benedikte Löbbert,Weibliches Geschlecht,0009-0002-6670-3692
https://database.factgrid.de/entity/Q1380413,Leona Elisabeth Münzer,Weibliches Geschlecht,0009-0002-7170-8340
https://database.factgrid.de/entity/Q1380428,Jonas Rohe,Männliches Geschlecht,0009-0002-8541-8520
https://database.factgrid.de/entity/Q1380221,Wiltrud Mölzer,Weibliches Geschlecht,0009-0002-9517-4531
https://database.factgrid.de/entity/Q1380266,Vitus Schäfftlein,Männliches Geschlecht,0009-0003-3620-5884
https://database.factgrid.de/entity/Q1380461,Dorothee Urbaum,Weibliches Geschlecht,0009-0003-5711-6303
https://database.factgrid.de/entity/Q1380167,Philip Hillebrand,Männliches Geschlecht,0009-0003-7195-2682
https://database.factgrid.de/entity/Q1380211,Madlin Marenec,Weibliches Geschlecht,0009-0003-7434-827X
https://database.factgrid.de/entity/Q989383,Elisabeth Dietrich,Weibliches Geschlecht,0009-0003-9337-1918
https://database.factgrid.de/entity/Q1380426,Thorsten Ries,Männliches Geschlecht,0009-0004-1112-8410
https://database.factgrid.de/entity/Q1380172,Olja Janjuš,Weibliches Geschlecht,0009-0004-1498-495X
https://database.factgrid.de/entity/Q369944,Johannes Mitschunas,Männliches Geschlecht,0009-0004-3579-1399
https://database.factgrid.de/entity/Q397670,Lisa Eggert,Weibliches Geschlecht,0009-0004-3898-9923
https://database.factgrid.de/entity/Q1380259,Susanne Schlünder,Weibliches Geschlecht,0009-0004-4914-1864
https://database.factgrid.de/entity/Q1380435,Linda Samsinger,Weibliches Geschlecht,0009-0004-6133-8790
https://database.factgrid.de/entity/Q1380300,Larissa Will,Weibliches Geschlecht,0009-0004-6220-8939
https://database.factgrid.de/entity/Q1380330,Michał Bubula,Männliches Geschlecht,0009-0004-6586-1319
https://database.factgrid.de/entity/Q1380353,Nele Fuchs,Weibliches Geschlecht,0009-0004-6837-6968
https://database.factgrid.de/entity/Q398153,Jan-Erik Stange,Männliches Geschlecht,0009-0004-7264-2843
https://database.factgrid.de/entity/Q1380203,Marc Lemke,Männliches Geschlecht,0009-0004-8065-8191
https://database.factgrid.de/entity/Q959264,Marta Koscielniak,Weibliches Geschlecht,0009-0005-7840-1271
https://database.factgrid.de/entity/Q397746,Heike Zinsmeister,Weibliches Geschlecht,0009-0006-0505-7606
https://database.factgrid.de/entity/Q396740,Johannes Liem,Männliches Geschlecht,0009-0006-2058-9133
https://database.factgrid.de/entity/Q1380202,Johannes Leitgeb,Männliches Geschlecht,0009-0006-2058-9133
https://database.factgrid.de/entity/Q876587,Sophie Döring,Weibliches Geschlecht,0009-0006-2258-5304
https://database.factgrid.de/entity/Q396572,Silke Kalmer,Weibliches Geschlecht,0009-0006-2292-058X
https://database.factgrid.de/entity/Q1380402,Alexa Lucke,Weibliches Geschlecht,0009-0006-2738-2864
https://database.factgrid.de/entity/Q1380349,Anna Faust,Weibliches Geschlecht,0009-0006-5500-4860
https://database.factgrid.de/entity/Q1380361,Eleanor Goerss,Weibliches Geschlecht,0009-0006-6575-8180
https://database.factgrid.de/entity/Q1380455,Katrin Sturm,Weibliches Geschlecht,0009-0007-1756-9526
https://database.factgrid.de/entity/Q1380115,Mari Akazawa,Weibliches Geschlecht,0009-0007-2653-6275
https://database.factgrid.de/entity/Q1380347,Sebastian Enns,Männliches Geschlecht,0009-0007-6336-8266
https://database.factgrid.de/entity/Q1380286,Klara Venglarova,Weibliches Geschlecht,0009-0007-6441-7795
https://database.factgrid.de/entity/Q1380248,Lennart Rouxel,Männliches Geschlecht,0009-0007-6653-1954
https://database.factgrid.de/entity/Q630708,Marius Wegener,Männliches Geschlecht,0009-0007-6782-1865
https://database.factgrid.de/entity/Q989537,Christian Lück,Männliches Geschlecht,0009-0008-0649-5127
https://database.factgrid.de/entity/Q1380471,Rameela Yaddehige,Weibliches Geschlecht,0009-0008-3216-5797
https://database.factgrid.de/entity/Q1380252,Ruth Sander,Weibliches Geschlecht,0009-0008-3678-9070
https://database.factgrid.de/entity/Q989429,Maximilian Kristen,Männliches Geschlecht,0009-0008-3929-337X
https://database.factgrid.de/entity/Q1380335,Hans Clausen,Männliches Geschlecht,0009-0008-4730-5473
https://database.factgrid.de/entity/Q1380356,Judit Garzón Rodríguez,Weibliches Geschlecht,0009-0008-5102-4420
https://database.factgrid.de/entity/Q398565,Jana Klawitter,Weibliches Geschlecht,0009-0008-5566-1101
https://database.factgrid.de/entity/Q1380346,Dominic Eickhoff,Männliches Geschlecht,0009-0008-6044-3862
https://database.factgrid.de/entity/Q396458,Dennis Möbus,Männliches Geschlecht,0009-0008-9064-7460
https://database.factgrid.de/entity/Q1006503,Tim Schubert,Männliches Geschlecht,0009-0009-1032-9575
https://database.factgrid.de/entity/Q251685,Johanna Sophia Störiko,Weibliches Geschlecht,0009-0009-3853-4757
https://database.factgrid.de/entity/Q144067,Barbara Fischer,Weibliches Geschlecht,0009-0009-5034-6687
https://database.factgrid.de/entity/Q1380427,Xenia Ritter,Weibliches Geschlecht,0009-0009-7937-6580
